
{
   "allowSleep" : true,
   "autoClearForces" : true,
   "body" : 
   [
      
      {
         "angle" : 0,
         "angularVelocity" : 0,
         "awake" : true,
         "fixture" : 
         [
            
            {
               "density" : 1,
               "friction" : 0.2000000029802322,
               "name" : "doodle_door_sensor_1",
               "polygon" : 
               {
                  "vertices" : 
                  {
                     "x" : 
                     [
                        12.36400222778320,
                        12.36400222778320,
                        4.122001647949219,
                        4.122001647949219
                     ],
                     "y" : 
                     [
                        -3.625969886779785,
                        3.424739837646484,
                        3.424739837646484,
                        -3.625969886779785
                     ]
                  }
               },
               "sensor" : true
            }
         ],
         "linearVelocity" : 0,
         "name" : "body0",
         "position" : 
         {
            "x" : 28.44729995727539,
            "y" : 17.25963783264160
         },
         "type" : 0
      },
      
      {
         "angle" : 0,
         "angularVelocity" : 0,
         "awake" : true,
         "fixture" : 
         [
            
            {
               "density" : 1,
               "friction" : 0.2000000029802322,
               "name" : "0",
               "polygon" : 
               {
                  "vertices" : 
                  {
                     "x" : 
                     [
                        1.152949810028076,
                        1.152949810028076,
                        0.1650819778442383,
                        0.1650819778442383
                     ],
                     "y" : 
                     [
                        -3.577360153198242,
                        3.376130104064941,
                        3.376130104064941,
                        -3.568019866943359
                     ]
                  }
               }
            }
         ],
         "linearVelocity" : 0,
         "name" : "doodle_door",
         "position" : 
         {
            "x" : 5.951710224151611,
            "y" : 17.29268836975098
         },
         "type" : 1
      },
      
      {
         "angle" : 0,
         "angularVelocity" : 0,
         "awake" : true,
         "fixture" : 
         [
            
            {
               "density" : 1,
               "friction" : 0.2000000029802322,
               "name" : "1",
               "polygon" : 
               {
                  "vertices" : 
                  {
                     "x" : 
                     [
                        6.036188125610352,
                        6.036188125610352,
                        4.819040298461914,
                        4.819040298461914
                     ],
                     "y" : 
                     [
                        -3.577360153198242,
                        3.376130104064941,
                        3.376130104064941,
                        -3.577360153198242
                     ]
                  }
               }
            }
         ],
         "linearVelocity" : 0,
         "name" : "doodle_door",
         "position" : 
         {
            "x" : 31.34670066833496,
            "y" : 17.29268836975098
         },
         "type" : 1
      },
      
      {
         "angle" : 0,
         "angularVelocity" : 0,
         "awake" : true,
         "fixture" : 
         [
            
            {
               "density" : 1,
               "friction" : 0.2000000029802322,
               "name" : "doodle_door_sensor_0",
               "polygon" : 
               {
                  "vertices" : 
                  {
                     "x" : 
                     [
                        3.518700122833252,
                        3.518700122833252,
                        -0.6695859432220459,
                        -0.6695859432220459
                     ],
                     "y" : 
                     [
                        -3.625969886779785,
                        3.424739837646484,
                        3.424739837646484,
                        -3.625969886779785
                     ]
                  }
               },
               "sensor" : true
            }
         ],
         "linearVelocity" : 0,
         "name" : "body2",
         "position" : 
         {
            "x" : 3.052299976348877,
            "y" : 17.25963783264160
         },
         "type" : 0
      },
      
      {
         "angle" : 0,
         "angularVelocity" : 0,
         "awake" : true,
         "fixture" : 
         [
            
            {
               "density" : 1,
               "friction" : 0.2000000029802322,
               "name" : "0",
               "polygon" : 
               {
                  "vertices" : 
                  {
                     "x" : 
                     [
                        2.853620529174805,
                        2.853620529174805,
                        -1.334670066833496,
                        -1.334670066833496
                     ],
                     "y" : 
                     [
                        -14.48850059509277,
                        3.489720344543457,
                        3.489720344543457,
                        -14.48850059509277
                     ]
                  }
               },
               "sensor" : true
            }
         ],
         "linearVelocity" : 0,
         "name" : "doodle_event_sensor",
         "position" : 
         {
            "x" : 17.25219917297363,
            "y" : 17.25963783264160
         },
         "type" : 0
      },
      
      {
         "angle" : 0,
         "angularVelocity" : 0,
         "awake" : true,
         "fixture" : 
         [
            
            {
               "density" : 1,
               "friction" : 0.2000000029802322,
               "name" : "2",
               "polygon" : 
               {
                  "vertices" : 
                  {
                     "x" : 
                     [
                        4.129852294921875,
                        4.129852294921875,
                        3.499237060546875,
                        3.499237060546875
                     ],
                     "y" : 
                     [
                        -3.577360153198242,
                        3.376130104064941,
                        3.376130104064941,
                        -3.577360153198242
                     ]
                  }
               }
            }
         ],
         "linearVelocity" : 0,
         "name" : "doodle_door",
         "position" : 
         {
            "x" : 69.41159820556641,
            "y" : 17.29268836975098
         },
         "type" : 1
      },
      
      {
         "angle" : 0,
         "angularVelocity" : 0,
         "awake" : true,
         "fixture" : 
         [
            
            {
               "circle" : 
               {
                  "center" : 
                  {
                     "x" : 1.907348632812500e-006,
                     "y" : -4.768371582031250e-007
                  },
                  "radius" : 2.0
               },
               "density" : 1,
               "friction" : 0.2000000029802322,
               "name" : "startPoint",
               "sensor" : true
            }
         ],
         "linearVelocity" : 0,
         "name" : "startPoint",
         "position" : 
         {
            "x" : 3.397370100021362,