
{
   "allowSleep" : true,
   "autoClearForces" : true,
   "body" : 
   [
      
      {
         "angle" : 0,
         "angularVelocity" : 0,
         "awake" : true,
         "fixture" : 
         [
            
            {
               "density" : 1,
               "friction" : 0.2000000029802322,
               "name" : "1",
               "polygon" : 
               {
                  "vertices" : 
                  {
                     "x" : 
                     [
                        2.853618621826172,
                        2.853618621826172,
                        -1.334669113159180,
                        -1.334669113159180
                     ],
                     "y" : 
                     [
                        -14.48850059509277,
                        3.489721298217773,
                        3.489721298217773,
                        -14.48850059509277
                     ]
                  }
               },
               "sensor" : true
            }
         ],
         "linearVelocity" : 0,
         "name" : "doodle_event_sensor",
         "position" : 
         {
            "x" : 31.15299987792969,
            "y" : 17.25959968566895
         },
         "type" : 0
      },
      
      {
         "angle" : -2.695333242416382,
         "angularVelocity" : 0,
         "awake" : true,
         "fixture" : 
         [
            
            {
               "density" : 1,
               "friction" : 0.2000000029802322,
               "name" : "speaker1",
               "polygon" : 
               {
                  "vertices" : 
                  {
                     "x" : 
                     [
                        1.139425158500671,
                        0.01957428641617298,
                        -0.7822768688201904,
                        -0.3767169415950775
                     ],
                     "y" : 
                     [
                        0.1376152485609055,
                        0.7963221073150635,
                        0.1501741707324982,
                        -1.084117412567139
                     ]
                  }
               }
            }
         ],
         "linearVelocity" : 0,
         "name" : "actor",
         "position" : 
         {
            "x" : 35.20700073242188,
            "y" : 12.33780002593994
         },
         "type" : 0
      },
      
      {
         "angle" : 0,
         "angularVelocity" : 0,
         "awake" : true,
         "fixture" : 
         [
            
            {
               "density" : 1,
               "friction" : 0.2000000029802322,
               "name" : "0",
               "polygon" : 
               {
                  "vertices" : 
                  {
                     "x" : 
                     [
                        1.152949810028076,
                        1.152949810028076,
                        0.1650819778442383,
                        0.1650819778442383
                     ],
                     "y" : 
                     [
                        -3.577360153198242,
                        3.376131057739258,
                        3.376131057739258,
                        -3.568019866943359
                     ]
                  }
               }
            }
         ],
         "linearVelocity" : 0,
         "name" : "doodle_door",
         "position" : 
         {
            "x" : 5.951710224151611,
            "y" : 17.29269981384277
         },
         "type" : 1
      },
      
      {
         "angle" : 0,
         "angularVelocity" : 0,
         "awake" : true,
         "fixture" : 
         [
            
            {
               "density" : 1,
               "friction" : 0.2000000029802322,
               "name" : "doodle_door_sensor_1",
               "polygon" : 
               {
                  "vertices" : 
                  {
                     "x" : 
                     [
                        12.36400222778320,
                        12.36400222778320,
                        4.122001647949219,
                        4.122001647949219
                     ],
                     "y" : 
                     [
                        -3.625970840454102,
                        3.424739837646484,
                        3.424739837646484,
                        -3.625970840454102
                     ]
                  }
               },
               "sensor" : true
            }
         ],
         "linearVelocity" : 0,
         "name" : "body0",
         "position" : 
         {
            "x" : 28.44729995727539,
            "y" : 17.25959968566895
         },
         "type" : 0
      },
      
      {
         "angle" : 0,
         "angularVelocity" : 0,
         "awake" : true,
         "fixture" : 
         [
            
            {
               "circle" : 
               {
                  "center" : 
                  {
                     "x" : 1.907348632812500e-006,
                     "y" : -4.768371582031250e-007
                  },
                  "radius" : 2.0
               },
               "density" : 1,
               "friction" : 0.2000000029802322,
               "name" : "startPoint",
               "sensor" : true
            }
         ],
         "linearVelocity" : 0,
         "name" : "startPoint",
         "position" : 
         {
            "x" : 3.397370100021362,
            "y" : 5.536809921264648
         },
         "type" : 0
      },
      
      {
         "angle" : 0,
         "angularVelocity" : 0,
         "awake" : true,
         "fixture" : 
         [
            
            {
               "density" : 1,
               "friction" : 0.2000000029802322,
               "name" : "2",
               "polygon" : 
               {
                  "vertices" : 
                  {
                     "x" : 
                     [
                        4.129852294921875,
                        4.129852294921875,
                        3.499237060546875,
                        3.499237060546875
                     ],
                     "y" : 
                     [
                        -3.577360153198242,
                        3.376131057739258,
                        3.376131057739258,
                        -3.577360153198242
                     ]
                  }
               }
            }
         ],
         "linearVelocity" : 0,
         "name" : "doodle_door",
         "position" : 
         {
            "x" : 69.41159820556641,
            "y" : 17.29269981384277
         },
         "type" : 1
      },
      
      {
         "angle" : 0,
         "angularVelocity" : 0,
         "awake" : true,
         "fixture" : 
         [
            
            {
               "density" : 1,
               "friction" : 0.2000000029802322,
               "name" : "0",
               "polygon" : 
               {
                  "vertices" : 
                  {
                     "x" : 
                     [
                        2.853620529174805,
                        2.853620529174805,
                        -1.334670066833496,
                        -1.334670066833496
                     ],
                     "y" : 
                     [
                        -14.48850059509277,
                        3.489721298217773,
                        3.489721298217773,
                        -14.48850059509277
                     ]
                  }
               },
               "sensor" : true
            }
         ],
         "linearVelocity" : 0,
         "name" : "doodle_event_sensor",