
{
   "allowSleep" : true,
   "autoClearForces" : true,
   "body" : 
   [
      
      {
         "angle" : 0,
         "angularVelocity" : 0,
         "awake" : true,
         "fixture" : 
         [
            
            {
               "density" : 1,
               "friction" : 0.2000000029802322,
               "name" : "doodle_door_sensor_2",
               "polygon" : 
               {
                  "vertices" : 
                  {
                     "x" : 
                     [
                        3.090227127075195,
                        3.090227127075195,
                        -1.197042465209961,
                        -1.197042465209961
                     ],
                     "y" : 
                     [
                        -4.104166984558106,
                        1.559143543243408,
                        1.559143543243408,
                        -4.104166984558106
                     ]
                  }
               },
               "sensor" : true
            }
         ],
         "linearVelocity" : 0,
         "name" : "body1",
         "position" : 
         {
            "x" : 65.65214538574219,
            "y" : 4.336239337921143
         },
         "type" : 0
      },
      
      {
         "angle" : 0,
         "angularVelocity" : 0,
         "awake" : true,
         "fixture" : 
         [
            
            {
               "density" : 1,
               "friction" : 0.2000000029802322,
               "name" : "2",
               "polygon" : 
               {
                  "vertices" : 
                  {
                     "x" : [ 0.1306152343750, -0.50, -0.50, 0.1306149959564209 ],
                     "y" : 
                     [
                        1.510533332824707,
                        1.510533332824707,
                        -4.055555820465088,
                        -4.055560111999512
                     ]
                  }
               }
            }
         ],
         "linearVelocity" : 0,
         "name" : "doodle_door",
         "position" : 
         {
            "x" : 68.57366943359375,
            "y" : 4.303186416625977
         },
         "type" : 1
      },
      
      {
         "angle" : 0,
         "angularVelocity" : 0,
         "awake" : true,
         "fixture" : 
         [
            
            {
               "density" : 1,
               "friction" : 0.2000000029802322,
               "name" : "fixture0",
               "polygon" : 
               {
                  "vertices" : 
                  {
                     "x" : 
                     [
                        58.92044067382813,
                        58.92044067382813,
                        21.00108528137207,
                        21.00108528137207
                     ],
                     "y" : 
                     [
                        19.13006973266602,
                        22.04226303100586,
                        22.04229927062988,
                        19.13010025024414
                     ]
                  }
               }
            },
            
            {
               "density" : 1,
               "friction" : 0.2000000029802322,
               "name" : "fixture0",
               "polygon" : 
               {
                  "vertices" : 
                  {
                     "x" : 
                     [
                        58.92044067382813,
                        58.92044067382813,
                        21.00108528137207,
                        21.00108528137207
                     ],
                     "y" : 
                     [
                        -2.216900110244751,
                        0.6952930092811585,
                        0.6952930092811585,
                        -2.216900110244751
                     ]
                  }
               }
            },
            
            {
               "density" : 1,
               "friction" : 0.2000000029802322,
               "name" : "fixture1",
               "polygon" : 
               {
                  "vertices" : 
                  {
                     "x" : 
                     [
                        58.92073822021484,
                        58.92073822021484,
                        57.92073822021484,
                        57.92073822021484
                     ],
                     "y" : 
                     [
                        5.885957717895508,
                        19.18600082397461,
                        19.18600082397461,
                        5.885957717895508
                     ]
                  }
               }
            },
            
            {
               "density" : 1,
               "friction" : 0.2000000029802322,
               "name" : "fixture0",
               "polygon" : 
               {
                  "vertices" : 
                  {
                     "x" : 
                     [
                        20.97450065612793,
                        20.97450065612793,
                        -10.67430019378662,
                        -10.67430019378662
                     ],
                     "y" : 
                     [
                        19.13006973266602,
                        22.04226303100586,
                        22.04226303100586,
                        19.13006973266602
                     ]
                  }
               }
            },
            
            {
               "density" : 1,
               "friction" : 0.2000000029802322,
               "name" : "fixture1",
               "polygon" : 
               {
                  "vertices" : 
                  {
                     "x" : 
                     [
                        20.97480010986328,
                        20.97480010986328,
                        19.97480010986328,
                        19.97480010986328
                     ],
                     "y" : 
                     [
                        5.885957717895508,
                        19.18600082397461,
                        19.18600082397461,
                        5.885957717895508
                     ]
                  }
               }
            },
            
            {
               "density" : 1,
               "friction" : 0.2000000029802322,
               "name" : "fixture1",
               "polygon" : 
               {
                  "vertices" : 
                  {
                     "x" : [ -9.668014526367188, -10.66802406311035, -10.66802406311035 ],
                     "y" : [ 0.4698525369167328, 19.22365951538086, 0.4698525369167328 ]
                  }
               }
            },
            
            {
               "density" : 1,
               "friction" : 0.2000000029802322,
               "name" : "fixture1",
               "polygon" : 
               {
                  "vertices" : 
                  {
                     "x" : [ -9.668014526367188, -9.668014526367188, -10.66802406311035 ],
                     "y" : [ 0.4698525369167328, 19.22365951538086, 19.22365951538086 ]
                  }
               }
            },
            
            {
               "density" : 1,
               "friction" : 0.2000000029802322,
               "name" : "fixture0",
               "polygon" : 
               {
                  "vertices" : 
                  {
                     "x" : 
                     [
                        20.97450065612793,
                        20.97450065612793,
                        -10.67430019378662,
                        -10.67430019378662
                     ],